{
    "_allocate_inputs": 4,
    "_allocate_outputs": 4,
    "cli_parameters": "analyze --target stm32l4 --name network -m C:/Users/pc/Downloads/modelia.h5 --compression none --verbosity 1 --workspace C:/Users/pc/AppData/Local/Temp/mxAI_workspace14791879024360017421053634073634369 --output C:/Users/pc/.stm32cubemx/network_output",
    "cli_version": {
        "extra": "20049",
        "major": 2,
        "micro": 0,
        "minor": 0
    },
    "cli_version_str": "2.0.0-20049",
    "code_size": 0,
    "compression": [],
    "date_time": "2025-03-27T14:32:18+0100",
    "error": 0,
    "error_str": [],
    "exec_cmd": "analyze",
    "exec_duration": 0.0,
    "hash": "0x98adb2d7b705c34ca52c1a41b8b1434b",
    "inputs": [
        "input_0"
    ],
    "layers": [
        {
            "c_id": [
                0,
                1
            ],
            "extras": {
                "n_macc": 0,
                "n_params": 0,
                "psize": 0,
                "rom_output": {
                    "c_size": 20,
                    "fmt": {
                        "format": "float"
                    },
                    "shape": [
                        5
                    ]
                },
                "rom_size": 1536
            },
            "id": 0,
            "inputs": [],
            "name": "input_0",
            "original": null,
            "type": "Input"
        },
        {
            "c_id": [],
            "extras": {
                "n_macc": 384,
                "n_params": 384,
                "psize": 1536,
                "rom_output": {
                    "c_size": 256,
                    "fmt": {
                        "format": "float"
                    },
                    "shape": [
                        64
                    ]
                },
                "rom_size": 0
            },
            "id": 0,
            "inputs": [
                "input_0"
            ],
            "name": "dense_3_dense",
            "original": "Dense",
            "type": "Dense"
        },
        {
            "c_id": [],
            "extras": {
                "n_macc": 64,
                "n_params": 0,
                "psize": 0,
                "rom_output": {
                    "c_size": 256,
                    "fmt": {
                        "format": "float"
                    },
                    "shape": [
                        64
                    ]
                },
                "rom_size": 0
            },
            "id": 0,
            "inputs": [
                "dense_3_dense"
            ],
            "name": "dense_3",
            "original": "Dense",
            "type": "Nonlinearity"
        },
        {
            "c_id": [],
            "extras": {
                "n_macc": 128,
                "n_params": 128,
                "psize": 512,
                "rom_size": 0
            },
            "id": 1,
            "inputs": [
                "dense_3"
            ],
            "name": "batch_normalization",
            "original": "BatchNormalization",
            "type": "ScaleBias"
        },
        {
            "c_id": [
                2,
                3
            ],
            "extras": {
                "n_macc": 2080,
                "n_params": 2080,
                "psize": 8320,
                "rom_output": {
                    "c_size": 128,
                    "fmt": {
                        "format": "float"
                    },
                    "shape": [
                        32
                    ]
                },
                "rom_size": 8320
            },
            "id": 3,
            "inputs": [
                "batch_normalization"
            ],
            "name": "dense_4_dense",
            "original": "Dense",
            "type": "Dense"
        },
        {
            "c_id": [],
            "extras": {
                "n_macc": 32,
                "n_params": 0,
                "psize": 0,
                "rom_output": {
                    "c_size": 128,
                    "fmt": {
                        "format": "float"
                    },
                    "shape": [
                        32
                    ]
                },
                "rom_size": 0
            },
            "id": 3,
            "inputs": [
                "dense_4_dense"
            ],
            "name": "dense_4",
            "original": "Dense",
            "type": "Nonlinearity"
        },
        {
            "c_id": [],
            "extras": {
                "n_macc": 64,
                "n_params": 64,
                "psize": 256,
                "rom_size": 0
            },
            "id": 4,
            "inputs": [
                "dense_4"
            ],
            "name": "batch_normalization_1",
            "original": "BatchNormalization",
            "type": "ScaleBias"
        },
        {
            "c_id": [
                4,
                5
            ],
            "extras": {
                "n_macc": 528,
                "n_params": 528,
                "psize": 2112,
                "rom_output": {
                    "c_size": 64,
                    "fmt": {
                        "format": "float"
                    },
                    "shape": [
                        16
                    ]
                },
                "rom_size": 2112
            },
            "id": 5,
            "inputs": [
                "batch_normalization_1"
            ],
            "name": "dense_5_dense",
            "original": "Dense",
            "type": "Dense"
        },
        {
            "c_id": [],
            "extras": {
                "n_macc": 16,
                "n_params": 0,
                "psize": 0,
                "rom_output": {
                    "c_size": 64,
                    "fmt": {
                        "format": "float"
                    },
                    "shape": [
                        16
                    ]
                },
                "rom_size": 0
            },
            "id": 5,
            "inputs": [
                "dense_5_dense"
            ],
            "name": "dense_5",
            "original": "Dense",
            "type": "Nonlinearity"
        },
        {
            "c_id": [],
            "extras": {
                "n_macc": 32,
                "n_params": 32,
                "psize": 128,
                "rom_size": 0
            },
            "id": 6,
            "inputs": [
                "dense_5"
            ],
            "name": "batch_normalization_2",
            "original": "BatchNormalization",
            "type": "ScaleBias"
        },
        {
            "c_id": [
                6,
                7
            ],
            "extras": {
                "n_macc": 85,
                "n_params": 85,
                "psize": 340,
                "rom_output": {
                    "c_size": 20,
                    "fmt": {
                        "format": "float"
                    },
                    "shape": [
                        5
                    ]
                },
                "rom_size": 340
            },
            "id": 8,
            "inputs": [
                "batch_normalization_2"
            ],
            "name": "dense_6_dense",
            "original": "Dense",
            "type": "Dense"
        },
        {
            "c_id": [],
            "extras": {
                "n_macc": 75,
                "n_params": 0,
                "psize": 0,
                "rom_output": {
                    "c_size": 20,
                    "fmt": {
                        "format": "float"
                    },
                    "shape": [
                        5
                    ]
                },
                "rom_size": 0
            },
            "id": 8,
            "inputs": [
                "dense_6_dense"
            ],
            "name": "dense_6",
            "original": "Dense",
            "type": "Nonlinearity"
        }
    ],
    "model_files": [
        "C:\\Users\\pc\\Downloads\\modelia.h5"
    ],
    "model_n_params": 3301,
    "model_name": "modelia",
    "model_size": 13204,
    "model_type": "keras",
    "name": "network",
    "outputs": [
        "dense_6"
    ],
    "ram_io_size": [
        0,
        0
    ],
    "ram_size": 384,
    "report_version": 1.1,
    "rom_cfact": 1.0,
    "rom_heap_inspector": 2048,
    "rom_inputs": [
        {
            "c_size": 20,
            "c_type": "float",
            "name": "input_0"
        }
    ],
    "rom_n_macc": 3264,
    "rom_outputs": [
        {
            "c_size": 20,
            "c_type": "float",
            "name": "dense_6"
        }
    ],
    "rom_size": 12308,
    "strategy": "",
    "tools_api_version": "2.0.0-20049",
    "tools_version": "2.0.0-20049",
    "val_error": -1.0,
    "val_error_desc": "None (None) #-1",
    "val_metrics": []
}