{
  "buffers": [
    {
      "alignment": 4,
      "batch": 0,
      "channel_first": true,
      "channel_last": true,
      "epochs": {
        "end": 1,
        "start": 0
      },
      "flags": "STAI_FLAG_WEIGHTS|STAI_FLAG_CONST|STAI_FLAG_PREALLOCATED",
      "format": "STAI_FORMAT_FLOAT",
      "id": 77,
      "intq": {},
      "is_param": true,
      "mpool_id": 1,
      "name": "dense_3_dense_bias_array",
      "nbits": 32,
      "offset_start": 1280,
      "qmn": {},
      "shape": [
        64
      ],
      "shape_map": [
        "CH"
      ],
      "size_bytes": 256
    },
    {
      "alignment": 4,
      "batch": 0,
      "channel_first": true,
      "channel_last": true,
      "epochs": {
        "end": 6,
        "start": 3
      },
      "flags": "STAI_FLAG_PREALLOCATED|STAI_FLAG_ACTIVATIONS",
      "format": "STAI_FORMAT_FLOAT",
      "id": 62,
      "intq": {},
      "is_param": false,
      "mpool_id": 0,
      "name": "dense_3_dense_output_array",
      "nbits": 32,
      "offset_start": 128,
      "qmn": {},
      "shape": [
        64
      ],
      "shape_map": [
        "CH"
      ],
      "size_bytes": 256
    },
    {
      "alignment": 4,
      "batch": 0,
      "channel_first": true,
      "channel_last": true,
      "epochs": {
        "end": 1,
        "start": 0
      },
      "flags": "STAI_FLAG_WEIGHTS|STAI_FLAG_CONST|STAI_FLAG_PREALLOCATED",
      "format": "STAI_FORMAT_FLOAT",
      "id": 74,
      "intq": {},
      "is_param": true,
      "mpool_id": 1,
      "name": "dense_3_dense_weights_array",
      "nbits": 32,
      "offset_start": 0,
      "qmn": {},
      "shape": [
        64,
        5
      ],
      "shape_map": [
        "CH",
        "CH_IN"
      ],
      "size_bytes": 1280
    },
    {
      "alignment": 4,
      "batch": 0,
      "channel_first": true,
      "channel_last": true,
      "epochs": {
        "end": 8,
        "start": 5
      },
      "flags": "STAI_FLAG_PREALLOCATED|STAI_FLAG_ACTIVATIONS",
      "format": "STAI_FORMAT_FLOAT",
      "id": 64,
      "intq": {},
      "is_param": false,
      "mpool_id": 0,
      "name": "dense_3_output_array",
      "nbits": 32,
      "offset_start": 128,
      "qmn": {},
      "shape": [
        64
      ],
      "shape_map": [
        "CH"
      ],
      "size_bytes": 256
    },
    {
      "alignment": 4,
      "batch": 0,
      "channel_first": true,
      "channel_last": true,
      "epochs": {
        "end": 1,
        "start": 0
      },
      "flags": "STAI_FLAG_WEIGHTS|STAI_FLAG_CONST|STAI_FLAG_PREALLOCATED",
      "format": "STAI_FORMAT_FLOAT",
      "id": 83,
      "intq": {},
      "is_param": true,
      "mpool_id": 1,
      "name": "dense_4_dense_bias_array",
      "nbits": 32,
      "offset_start": 9728,
      "qmn": {},
      "shape": [
        32
      ],
      "shape_map": [
        "CH"
      ],
      "size_bytes": 128
    },
    {
      "alignment": 4,
      "batch": 0,
      "channel_first": true,
      "channel_last": true,
      "epochs": {
        "end": 10,
        "start": 7
      },
      "flags": "STAI_FLAG_PREALLOCATED|STAI_FLAG_ACTIVATIONS",
      "format": "STAI_FORMAT_FLOAT",
      "id": 66,
      "intq": {},
      "is_param": false,
      "mpool_id": 0,
      "name": "dense_4_dense_output_array",
      "nbits": 32,
      "offset_start": 0,
      "qmn": {},
      "shape": [
        32
      ],
      "shape_map": [
        "CH"
      ],
      "size_bytes": 128
    },
    {
      "alignment": 4,
      "batch": 0,
      "channel_first": true,
      "channel_last": true,
      "epochs": {
        "end": 1,
        "start": 0
      },
      "flags": "STAI_FLAG_WEIGHTS|STAI_FLAG_CONST|STAI_FLAG_PREALLOCATED",
      "format": "STAI_FORMAT_FLOAT",
      "id": 80,
      "intq": {},
      "is_param": true,
      "mpool_id": 1,
      "name": "dense_4_dense_weights_array",
      "nbits": 32,
      "offset_start": 1536,
      "qmn": {},
      "shape": [
        32,
        64
      ],
      "shape_map": [
        "CH",
        "CH_IN"
      ],
      "size_bytes": 8192
    },
    {
      "alignment": 4,
      "batch": 0,
      "channel_first": true,
      "channel_last": true,
      "epochs": {
        "end": 12,
        "start": 9
      },
      "flags": "STAI_FLAG_PREALLOCATED|STAI_FLAG_ACTIVATIONS",
      "format": "STAI_FORMAT_FLOAT",
      "id": 68,
      "intq": {},
      "is_param": false,
      "mpool_id": 0,
      "name": "dense_4_output_array",
      "nbits": 32,
      "offset_start": 128,
      "qmn": {},
      "shape": [
        32
      ],
      "shape_map": [
        "CH"
      ],
      "size_bytes": 128
    },
    {
      "alignment": 4,
      "batch": 0,
      "channel_first": true,
      "channel_last": true,
      "epochs": {
        "end": 1,
        "start": 0
      },
      "flags": "STAI_FLAG_WEIGHTS|STAI_FLAG_CONST|STAI_FLAG_PREALLOCATED",
      "format": "STAI_FORMAT_FLOAT",
      "id": 89,
      "intq": {},
      "is_param": true,
      "mpool_id": 1,
      "name": "dense_5_dense_bias_array",
      "nbits": 32,
      "offset_start": 10496,
      "qmn": {},
      "shape": [
        5
      ],
      "shape_map": [
        "CH"
      ],
      "size_bytes": 20
    },
    {
      "alignment": 4,
      "batch": 0,
      "channel_first": true,
      "channel_last": true,
      "epochs": {
        "end": 14,
        "start": 11
      },
      "flags": "STAI_FLAG_PREALLOCATED|STAI_FLAG_ACTIVATIONS",
      "format": "STAI_FORMAT_FLOAT",
      "id": 70,
      "intq": {},
      "is_param": false,
      "mpool_id": 0,
      "name": "dense_5_dense_output_array",
      "nbits": 32,
      "offset_start": 0,
      "qmn": {},
      "shape": [
        5
      ],
      "shape_map": [
        "CH"
      ],
      "size_bytes": 20
    },
    {
      "alignment": 4,
      "batch": 0,
      "channel_first": true,
      "channel_last": true,
      "epochs": {
        "end": 1,
        "start": 0
      },
      "flags": "STAI_FLAG_WEIGHTS|STAI_FLAG_CONST|STAI_FLAG_PREALLOCATED",
      "format": "STAI_FORMAT_FLOAT",
      "id": 86,
      "intq": {},
      "is_param": true,
      "mpool_id": 1,
      "name": "dense_5_dense_weights_array",
      "nbits": 32,
      "offset_start": 9856,
      "qmn": {},
      "shape": [
        5,
        32
      ],
      "shape_map": [
        "CH",
        "CH_IN"
      ],
      "size_bytes": 640
    },
    {
      "alignment": 4,
      "batch": 0,
      "channel_first": true,
      "channel_last": true,
      "epochs": {
        "end": 15,
        "start": 13
      },
      "flags": "STAI_FLAG_OUTPUTS|STAI_FLAG_PREALLOCATED|STAI_FLAG_ACTIVATIONS",
      "format": "STAI_FORMAT_FLOAT",
      "id": 72,
      "intq": {},
      "is_param": false,
      "mpool_id": 0,
      "name": "dense_5_output_array",
      "nbits": 32,
      "offset_start": 20,
      "qmn": {},
      "shape": [
        5
      ],
      "shape_map": [
        "CH"
      ],
      "size_bytes": 20
    },
    {
      "alignment": 4,
      "batch": 0,
      "channel_first": true,
      "channel_last": true,
      "epochs": {
        "end": 4,
        "start": 2
      },
      "flags": "STAI_FLAG_INPUTS|STAI_FLAG_PREALLOCATED|STAI_FLAG_ACTIVATIONS",
      "format": "STAI_FORMAT_FLOAT",
      "id": 60,
      "intq": {},
      "is_param": false,
      "mpool_id": 0,
      "name": "input_0_output_array",
      "nbits": 32,
      "offset_start": 108,
      "qmn": {},
      "shape": [
        5
      ],
      "shape_map": [
        "CH"
      ],
      "size_bytes": 20
    }
  ],
  "environment": {
    "generated_model": {
      "generated_time": "2025-03-21T11:40:28+0100",
      "model_files": [
        {
          "name": "network_1_data_params.h",
          "signature": "0x3a5d48c04ce4640f26b7acc7ba186cc6"
        },
        {
          "name": "network_1_data_params.c",
          "signature": "0x41d40607f266a7fc6ca3f98889eca5db"
        },
        {
          "name": "network_1_data.h",
          "signature": "0x2b65c491e771e6ba40cec570c8e537de"
        },
        {
          "name": "network_1_data.c",
          "signature": "0xea76471f993d0b03dd06f4c8d2990594"
        },
        {
          "name": "network_1_config.h",
          "signature": "0xf1e916876524bdddf107debea0f01fcd"
        },
        {
          "name": "network_1.h",
          "signature": "0xdb8313e929726a670e7b330f4ac2320e"
        },
        {
          "name": "network_1.c",
          "signature": "0x22ed13cc162f236c8ff7aba90c691a57"
        }
      ],
      "name": "network_1"
    },
    "network_signature": "0x7fa8d96d63e1d311",
    "test_name": "",
    "tools": [
      {
        "arguments": "generate --target stm32l4 --name network_1 -m C:/Users/pc/Downloads/model.h5 --compression none --verbosity 1 --workspace C:/Users/pc/AppData/Local/Temp/mxAI_workspace6094516988862003185737798431772411 --output C:/Users/pc/.stm32cubemx/network_output",
        "environment": [
          "STATS_TYPE=X-CUBE-AI"
        ],
        "input_model": {
          "model_files": [
            {
              "name": "model.h5",
              "signature": "0xd52f425d0c6e5c1e250e2f5c4943a1c7"
            }
          ],
          "n_params": 2629,
          "name": "model",
          "size": 10516,
          "type": "keras"
        },
        "name": "ST.EdgeAI.Core",
        "version": "2.0.0-20049"
      }
    ]
  },
  "graphs": [
    {
      "edges": [
        {
          "buffer": 62,
          "edge_kind": "EDGE_MEMORY",
          "end": {
            "node_id": 8,
            "port": 0
          },
          "id": 0,
          "name": "n7-p0_n8-p0",
          "start": {
            "node_id": 7,
            "port": 0
          }
        },
        {
          "buffer": 64,
          "edge_kind": "EDGE_MEMORY",
          "end": {
            "node_id": 9,
            "port": 0
          },
          "id": 1,
          "name": "n8-p0_n9-p0",
          "start": {
            "node_id": 8,
            "port": 0
          }
        },
        {
          "buffer": 66,
          "edge_kind": "EDGE_MEMORY",
          "end": {
            "node_id": 10,
            "port": 0
          },
          "id": 2,
          "name": "n9-p0_n10-p0",
          "start": {
            "node_id": 9,
            "port": 0
          }
        },
        {
          "buffer": 68,
          "edge_kind": "EDGE_MEMORY",
          "end": {
            "node_id": 11,
            "port": 0
          },
          "id": 3,
          "name": "n10-p0_n11-p0",
          "start": {
            "node_id": 10,
            "port": 0
          }
        },
        {
          "buffer": 70,
          "edge_kind": "EDGE_MEMORY",
          "end": {
            "node_id": 12,
            "port": 0
          },
          "id": 4,
          "name": "n11-p0_n12-p0",
          "start": {
            "node_id": 11,
            "port": 0
          }
        }
      ],
      "id": 0,
      "inputs": [
        60
      ],
      "name": "model",
      "nodes": [
        {
          "attributes": {
            "num_units": "64",
            "use_bias": "True"
          },
          "description": "Dense",
          "id": 7,
          "inputs": [
            60,
            74,
            77
          ],
          "macc": 384,
          "mapping": "NODE_SW",
          "name": "dense_3_dense",
          "original_nodes": [
            "0"
          ],
          "outputs": [
            62
          ],
          "scratchs": [],
          "subgraph_nodes": [],
          "sw_functions": [
            "forward_dense"
          ]
        },
        {
          "attributes": {
            "nonlinearity": "relu"
          },
          "description": "Nonlinearity",
          "id": 8,
          "inputs": [
            62
          ],
          "macc": 64,
          "mapping": "NODE_SW",
          "name": "dense_3",
          "original_nodes": [
            "0"
          ],
          "outputs": [
            64
          ],
          "scratchs": [],
          "subgraph_nodes": [],
          "sw_functions": [
            "forward_relu"
          ]
        },
        {
          "attributes": {
            "num_units": "32",
            "use_bias": "True"
          },
          "description": "Dense",
          "id": 9,
          "inputs": [
            64,
            80,
            83
          ],
          "macc": 2080,
          "mapping": "NODE_SW",
          "name": "dense_4_dense",
          "original_nodes": [
            "2"
          ],
          "outputs": [
            66
          ],
          "scratchs": [],
          "subgraph_nodes": [],
          "sw_functions": [
            "forward_dense"
          ]
        },
        {
          "attributes": {
            "nonlinearity": "relu"
          },
          "description": "Nonlinearity",
          "id": 10,
          "inputs": [
            66
          ],
          "macc": 32,
          "mapping": "NODE_SW",
          "name": "dense_4",
          "original_nodes": [
            "2"
          ],
          "outputs": [
            68
          ],
          "scratchs": [],
          "subgraph_nodes": [],
          "sw_functions": [
            "forward_relu"
          ]
        },
        {
          "attributes": {
            "num_units": "5",
            "use_bias": "True"
          },
          "description": "Dense",
          "id": 11,
          "inputs": [
            68,
            86,
            89
          ],
          "macc": 165,
          "mapping": "NODE_SW",
          "name": "dense_5_dense",
          "original_nodes": [
            "4"
          ],
          "outputs": [
            70
          ],
          "scratchs": [],
          "subgraph_nodes": [],
          "sw_functions": [
            "forward_dense"
          ]
        },
        {
          "attributes": {
            "nonlinearity": "sigmoid"
          },
          "description": "Nonlinearity",
          "id": 12,
          "inputs": [
            70
          ],
          "macc": 50,
          "mapping": "NODE_SW",
          "name": "dense_5",
          "original_nodes": [
            "4"
          ],
          "outputs": [
            72
          ],
          "scratchs": [],
          "subgraph_nodes": [],
          "sw_functions": [
            "forward_sigmoid"
          ]
        }
      ],
      "original_inputs": [
        {
          "input_0": {
            "data_type": "float32",
            "shape": "(BATCH: None, CH: 5)"
          }
        }
      ],
      "original_outputs": [
        {
          "dense_5": {
            "data_type": "float32",
            "shape": "(BATCH: None, CH: 5)"
          }
        }
      ],
      "outputs": [
        72
      ]
    }
  ],
  "json_schema_version": "2.0",
  "memory_footprint": {
    "activations": 384,
    "io": [
      0,
      0
    ],
    "kernel_flash": 9816,
    "kernel_ram": 1984,
    "series": "stm32l4",
    "toolchain": "arm-none-eabi-gcc (GNU Tools for STM32 12.3.rel1.20240926-1715) 12.3.1 20230626",
    "toolchain_flash": 638,
    "toolchain_ram": 0,
    "weights": 10516
  },
  "memory_pools": [
    {
      "address": "NULL",
      "alignment": 4,
      "attributes": {
        "latency": "HIGH",
        "score": 768,
        "throughput": "LOW"
      },
      "buffers": [
        60,
        62,
        64,
        66,
        68,
        70,
        72
      ],
      "id": 0,
      "name": "heap_overlay_pool",
      "offset_start": 0,
      "persistent": false,
      "rights": "ACC_WRITE",
      "size_bytes": -1,
      "subpools": [],
      "used_size_bytes": 384,
      "user_allocated": false,
      "virtual": false
    },
    {
      "address": "s_network_1_weights_array_u64",
      "alignment": 0,
      "attributes": {
        "latency": "UNDEF",
        "score": 0,
        "throughput": "UNDEF"
      },
      "buffers": [
        74,
        77,
        80,
        83,
        86,
        89
      ],
      "id": 1,
      "name": "weights_array",
      "offset_start": 0,
      "persistent": true,
      "rights": "ACC_READ",
      "size_bytes": -1,
      "subpools": [],
      "used_size_bytes": 10516,
      "user_allocated": false,
      "virtual": false
    }
  ]
}