{
    "_allocate_inputs": 4,
    "_allocate_outputs": 4,
    "cli_parameters": "generate --target stm32l4 --name network -m C:/Users/pc/Downloads/model (2).h5 --compression none --verbosity 1 --workspace C:/Users/pc/AppData/Local/Temp/mxAI_workspace64018264512740014053381294614527718 --output C:/Users/pc/.stm32cubemx/network_output",
    "cli_version": {
        "extra": "20049",
        "major": 2,
        "micro": 0,
        "minor": 0
    },
    "cli_version_str": "2.0.0-20049",
    "code_size": 0,
    "compression": [],
    "date_time": "2025-03-21T20:12:36+0100",
    "error": 0,
    "error_str": [],
    "exec_cmd": "generate",
    "exec_duration": 0.0,
    "hash": "0x66d6c1f04790264da293e09a47276cb0",
    "inputs": [
        "input_0"
    ],
    "layers": [
        {
            "c_id": [
                0,
                1
            ],
            "extras": {
                "n_macc": 0,
                "n_params": 0,
                "psize": 0,
                "rom_output": {
                    "c_size": 20,
                    "fmt": {
                        "format": "float"
                    },
                    "shape": [
                        5
                    ]
                },
                "rom_size": 3072
            },
            "id": 0,
            "inputs": [],
            "name": "input_0",
            "original": null,
            "type": "Input"
        },
        {
            "c_id": [],
            "extras": {
                "n_macc": 768,
                "n_params": 768,
                "psize": 3072,
                "rom_output": {
                    "c_size": 512,
                    "fmt": {
                        "format": "float"
                    },
                    "shape": [
                        128
                    ]
                },
                "rom_size": 0
            },
            "id": 0,
            "inputs": [
                "input_0"
            ],
            "name": "dense_6_dense",
            "original": "Dense",
            "type": "Dense"
        },
        {
            "c_id": [],
            "extras": {
                "n_macc": 128,
                "n_params": 0,
                "psize": 0,
                "rom_output": {
                    "c_size": 512,
                    "fmt": {
                        "format": "float"
                    },
                    "shape": [
                        128
                    ]
                },
                "rom_size": 0
            },
            "id": 0,
            "inputs": [
                "dense_6_dense"
            ],
            "name": "dense_6",
            "original": "Dense",
            "type": "Nonlinearity"
        },
        {
            "c_id": [
                2,
                3
            ],
            "extras": {
                "n_macc": 8256,
                "n_params": 8256,
                "psize": 33024,
                "rom_output": {
                    "c_size": 256,
                    "fmt": {
                        "format": "float"
                    },
                    "shape": [
                        64
                    ]
                },
                "rom_size": 33024
            },
            "id": 2,
            "inputs": [
                "dense_6"
            ],
            "name": "dense_7_dense",
            "original": "Dense",
            "type": "Dense"
        },
        {
            "c_id": [],
            "extras": {
                "n_macc": 64,
                "n_params": 0,
                "psize": 0,
                "rom_output": {
                    "c_size": 256,
                    "fmt": {
                        "format": "float"
                    },
                    "shape": [
                        64
                    ]
                },
                "rom_size": 0
            },
            "id": 2,
            "inputs": [
                "dense_7_dense"
            ],
            "name": "dense_7",
            "original": "Dense",
            "type": "Nonlinearity"
        },
        {
            "c_id": [
                4,
                5
            ],
            "extras": {
                "n_macc": 325,
                "n_params": 325,
                "psize": 1300,
                "rom_output": {
                    "c_size": 20,
                    "fmt": {
                        "format": "float"
                    },
                    "shape": [
                        5
                    ]
                },
                "rom_size": 1300
            },
            "id": 4,
            "inputs": [
                "dense_7"
            ],
            "name": "dense_8_dense",
            "original": "Dense",
            "type": "Dense"
        },
        {
            "c_id": [],
            "extras": {
                "n_macc": 50,
                "n_params": 0,
                "psize": 0,
                "rom_output": {
                    "c_size": 20,
                    "fmt": {
                        "format": "float"
                    },
                    "shape": [
                        5
                    ]
                },
                "rom_size": 0
            },
            "id": 4,
            "inputs": [
                "dense_8_dense"
            ],
            "name": "dense_8",
            "original": "Dense",
            "type": "Nonlinearity"
        }
    ],
    "model_files": [
        "C:\\Users\\pc\\Downloads\\model (2).h5"
    ],
    "model_n_params": 9349,
    "model_name": "model_2",
    "model_size": 37396,
    "model_type": "keras",
    "name": "network",
    "outputs": [
        "dense_8"
    ],
    "ram_io_size": [
        0,
        0
    ],
    "ram_size": 768,
    "report_version": 1.1,
    "rom_cfact": 1.0,
    "rom_heap_inspector": 2048,
    "rom_inputs": [
        {
            "c_size": 20,
            "c_type": "float",
            "name": "input_0"
        }
    ],
    "rom_n_macc": 9591,
    "rom_outputs": [
        {
            "c_size": 20,
            "c_type": "float",
            "name": "dense_8"
        }
    ],
    "rom_size": 37396,
    "strategy": "",
    "tools_api_version": "2.0.0-20049",
    "tools_version": "2.0.0-20049",
    "val_error": -1.0,
    "val_error_desc": "None (None) #-1",
    "val_metrics": []
}