{
  "buffers": [
    {
      "alignment": 4,
      "batch": 0,
      "channel_first": true,
      "channel_last": true,
      "epochs": {
        "end": 1,
        "start": 0
      },
      "flags": "STAI_FLAG_WEIGHTS|STAI_FLAG_CONST|STAI_FLAG_PREALLOCATED",
      "format": "STAI_FORMAT_FLOAT",
      "id": 105,
      "intq": {},
      "is_param": true,
      "mpool_id": 1,
      "name": "dense_3_dense_bias_array",
      "nbits": 32,
      "offset_start": 1280,
      "qmn": {},
      "shape": [
        64
      ],
      "shape_map": [
        "CH"
      ],
      "size_bytes": 256
    },
    {
      "alignment": 4,
      "batch": 0,
      "channel_first": true,
      "channel_last": true,
      "epochs": {
        "end": 6,
        "start": 3
      },
      "flags": "STAI_FLAG_PREALLOCATED|STAI_FLAG_ACTIVATIONS",
      "format": "STAI_FORMAT_FLOAT",
      "id": 86,
      "intq": {},
      "is_param": false,
      "mpool_id": 0,
      "name": "dense_3_dense_output_array",
      "nbits": 32,
      "offset_start": 128,
      "qmn": {},
      "shape": [
        64
      ],
      "shape_map": [
        "CH"
      ],
      "size_bytes": 256
    },
    {
      "alignment": 4,
      "batch": 0,
      "channel_first": true,
      "channel_last": true,
      "epochs": {
        "end": 1,
        "start": 0
      },
      "flags": "STAI_FLAG_WEIGHTS|STAI_FLAG_CONST|STAI_FLAG_PREALLOCATED",
      "format": "STAI_FORMAT_FLOAT",
      "id": 102,
      "intq": {},
      "is_param": true,
      "mpool_id": 1,
      "name": "dense_3_dense_weights_array",
      "nbits": 32,
      "offset_start": 0,
      "qmn": {},
      "shape": [
        64,
        5
      ],
      "shape_map": [
        "CH",
        "CH_IN"
      ],
      "size_bytes": 1280
    },
    {
      "alignment": 4,
      "batch": 0,
      "channel_first": true,
      "channel_last": true,
      "epochs": {
        "end": 8,
        "start": 5
      },
      "flags": "STAI_FLAG_PREALLOCATED|STAI_FLAG_ACTIVATIONS",
      "format": "STAI_FORMAT_FLOAT",
      "id": 88,
      "intq": {},
      "is_param": false,
      "mpool_id": 0,
      "name": "dense_3_output_array",
      "nbits": 32,
      "offset_start": 128,
      "qmn": {},
      "shape": [
        64
      ],
      "shape_map": [
        "CH"
      ],
      "size_bytes": 256
    },
    {
      "alignment": 4,
      "batch": 0,
      "channel_first": true,
      "channel_last": true,
      "epochs": {
        "end": 1,
        "start": 0
      },
      "flags": "STAI_FLAG_WEIGHTS|STAI_FLAG_CONST|STAI_FLAG_PREALLOCATED",
      "format": "STAI_FORMAT_FLOAT",
      "id": 111,
      "intq": {},
      "is_param": true,
      "mpool_id": 1,
      "name": "dense_4_dense_bias_array",
      "nbits": 32,
      "offset_start": 9728,
      "qmn": {},
      "shape": [
        32
      ],
      "shape_map": [
        "CH"
      ],
      "size_bytes": 128
    },
    {
      "alignment": 4,
      "batch": 0,
      "channel_first": true,
      "channel_last": true,
      "epochs": {
        "end": 10,
        "start": 7
      },
      "flags": "STAI_FLAG_PREALLOCATED|STAI_FLAG_ACTIVATIONS",
      "format": "STAI_FORMAT_FLOAT",
      "id": 90,
      "intq": {},
      "is_param": false,
      "mpool_id": 0,
      "name": "dense_4_dense_output_array",
      "nbits": 32,
      "offset_start": 0,
      "qmn": {},
      "shape": [
        32
      ],
      "shape_map": [
        "CH"
      ],
      "size_bytes": 128
    },
    {
      "alignment": 4,
      "batch": 0,
      "channel_first": true,
      "channel_last": true,
      "epochs": {
        "end": 1,
        "start": 0
      },
      "flags": "STAI_FLAG_WEIGHTS|STAI_FLAG_CONST|STAI_FLAG_PREALLOCATED",
      "format": "STAI_FORMAT_FLOAT",
      "id": 108,
      "intq": {},
      "is_param": true,
      "mpool_id": 1,
      "name": "dense_4_dense_weights_array",
      "nbits": 32,
      "offset_start": 1536,
      "qmn": {},
      "shape": [
        32,
        64
      ],
      "shape_map": [
        "CH",
        "CH_IN"
      ],
      "size_bytes": 8192
    },
    {
      "alignment": 4,
      "batch": 0,
      "channel_first": true,
      "channel_last": true,
      "epochs": {
        "end": 12,
        "start": 9
      },
      "flags": "STAI_FLAG_PREALLOCATED|STAI_FLAG_ACTIVATIONS",
      "format": "STAI_FORMAT_FLOAT",
      "id": 92,
      "intq": {},
      "is_param": false,
      "mpool_id": 0,
      "name": "dense_4_output_array",
      "nbits": 32,
      "offset_start": 128,
      "qmn": {},
      "shape": [
        32
      ],
      "shape_map": [
        "CH"
      ],
      "size_bytes": 128
    },
    {
      "alignment": 4,
      "batch": 0,
      "channel_first": true,
      "channel_last": true,
      "epochs": {
        "end": 1,
        "start": 0
      },
      "flags": "STAI_FLAG_WEIGHTS|STAI_FLAG_CONST|STAI_FLAG_PREALLOCATED",
      "format": "STAI_FORMAT_FLOAT",
      "id": 117,
      "intq": {},
      "is_param": true,
      "mpool_id": 1,
      "name": "dense_5_dense_bias_array",
      "nbits": 32,
      "offset_start": 11904,
      "qmn": {},
      "shape": [
        16
      ],
      "shape_map": [
        "CH"
      ],
      "size_bytes": 64
    },
    {
      "alignment": 4,
      "batch": 0,
      "channel_first": true,
      "channel_last": true,
      "epochs": {
        "end": 14,
        "start": 11
      },
      "flags": "STAI_FLAG_PREALLOCATED|STAI_FLAG_ACTIVATIONS",
      "format": "STAI_FORMAT_FLOAT",
      "id": 94,
      "intq": {},
      "is_param": false,
      "mpool_id": 0,
      "name": "dense_5_dense_output_array",
      "nbits": 32,
      "offset_start": 0,
      "qmn": {},
      "shape": [
        16
      ],
      "shape_map": [
        "CH"
      ],
      "size_bytes": 64
    },
    {
      "alignment": 4,
      "batch": 0,
      "channel_first": true,
      "channel_last": true,
      "epochs": {
        "end": 1,
        "start": 0
      },
      "flags": "STAI_FLAG_WEIGHTS|STAI_FLAG_CONST|STAI_FLAG_PREALLOCATED",
      "format": "STAI_FORMAT_FLOAT",
      "id": 114,
      "intq": {},
      "is_param": true,
      "mpool_id": 1,
      "name": "dense_5_dense_weights_array",
      "nbits": 32,
      "offset_start": 9856,
      "qmn": {},
      "shape": [
        16,
        32
      ],
      "shape_map": [
        "CH",
        "CH_IN"
      ],
      "size_bytes": 2048
    },
    {
      "alignment": 4,
      "batch": 0,
      "channel_first": true,
      "channel_last": true,
      "epochs": {
        "end": 16,
        "start": 13
      },
      "flags": "STAI_FLAG_PREALLOCATED|STAI_FLAG_ACTIVATIONS",
      "format": "STAI_FORMAT_FLOAT",
      "id": 96,
      "intq": {},
      "is_param": false,
      "mpool_id": 0,
      "name": "dense_5_output_array",
      "nbits": 32,
      "offset_start": 64,
      "qmn": {},
      "shape": [
        16
      ],
      "shape_map": [
        "CH"
      ],
      "size_bytes": 64
    },
    {
      "alignment": 4,
      "batch": 0,
      "channel_first": true,
      "channel_last": true,
      "epochs": {
        "end": 1,
        "start": 0
      },
      "flags": "STAI_FLAG_WEIGHTS|STAI_FLAG_CONST|STAI_FLAG_PREALLOCATED",
      "format": "STAI_FORMAT_FLOAT",
      "id": 123,
      "intq": {},
      "is_param": true,
      "mpool_id": 1,
      "name": "dense_6_dense_bias_array",
      "nbits": 32,
      "offset_start": 12288,
      "qmn": {},
      "shape": [
        5
      ],
      "shape_map": [
        "CH"
      ],
      "size_bytes": 20
    },
    {
      "alignment": 4,
      "batch": 0,
      "channel_first": true,
      "channel_last": true,
      "epochs": {
        "end": 18,
        "start": 15
      },
      "flags": "STAI_FLAG_PREALLOCATED|STAI_FLAG_ACTIVATIONS",
      "format": "STAI_FORMAT_FLOAT",
      "id": 98,
      "intq": {},
      "is_param": false,
      "mpool_id": 0,
      "name": "dense_6_dense_output_array",
      "nbits": 32,
      "offset_start": 0,
      "qmn": {},
      "shape": [
        5
      ],
      "shape_map": [
        "CH"
      ],
      "size_bytes": 20
    },
    {
      "alignment": 4,
      "batch": 0,
      "channel_first": true,
      "channel_last": true,
      "epochs": {
        "end": 1,
        "start": 0
      },
      "flags": "STAI_FLAG_WEIGHTS|STAI_FLAG_CONST|STAI_FLAG_PREALLOCATED",
      "format": "STAI_FORMAT_FLOAT",
      "id": 120,
      "intq": {},
      "is_param": true,
      "mpool_id": 1,
      "name": "dense_6_dense_weights_array",
      "nbits": 32,
      "offset_start": 11968,
      "qmn": {},
      "shape": [
        5,
        16
      ],
      "shape_map": [
        "CH",
        "CH_IN"
      ],
      "size_bytes": 320
    },
    {
      "alignment": 4,
      "batch": 0,
      "channel_first": true,
      "channel_last": true,
      "epochs": {
        "end": 19,
        "start": 17
      },
      "flags": "STAI_FLAG_OUTPUTS|STAI_FLAG_PREALLOCATED|STAI_FLAG_ACTIVATIONS",
      "format": "STAI_FORMAT_FLOAT",
      "id": 100,
      "intq": {},
      "is_param": false,
      "mpool_id": 0,
      "name": "dense_6_output_array",
      "nbits": 32,
      "offset_start": 20,
      "qmn": {},
      "shape": [
        5
      ],
      "shape_map": [
        "CH"
      ],
      "size_bytes": 20
    },
    {
      "alignment": 4,
      "batch": 0,
      "channel_first": true,
      "channel_last": true,
      "epochs": {
        "end": 4,
        "start": 2
      },
      "flags": "STAI_FLAG_INPUTS|STAI_FLAG_PREALLOCATED|STAI_FLAG_ACTIVATIONS",
      "format": "STAI_FORMAT_FLOAT",
      "id": 84,
      "intq": {},
      "is_param": false,
      "mpool_id": 0,
      "name": "input_0_output_array",
      "nbits": 32,
      "offset_start": 108,
      "qmn": {},
      "shape": [
        5
      ],
      "shape_map": [
        "CH"
      ],
      "size_bytes": 20
    }
  ],
  "environment": {
    "generated_model": {
      "generated_time": "2025-03-27T14:32:18+0100",
      "model_files": [
        {
          "name": "network_data_params.h",
          "signature": "0xe863cc15dc0846f5f445e7138d77cabc"
        },
        {
          "name": "network_data_params.c",
          "signature": "0xa2d650ef83ae77103b7f53703b5bdf3f"
        },
        {
          "name": "network_data.h",
          "signature": "0x167dde2d6d482d152281a5819e3fa416"
        },
        {
          "name": "network_data.c",
          "signature": "0x92438725d31919588b5cae228c20f541"
        },
        {
          "name": "network_config.h",
          "signature": "0x1058974cb066d27ef37aadd8a8ae2726"
        },
        {
          "name": "network.h",
          "signature": "0xe171cf9a0355239c7a75eb01117e3b25"
        },
        {
          "name": "network.c",
          "signature": "0xc0c6525320d301b3eb92e1f64168083f"
        }
      ],
      "name": "network"
    },
    "network_signature": "0x1cc9082fcefb14d1",
    "test_name": "",
    "tools": [
      {
        "arguments": "analyze --target stm32l4 --name network -m C:/Users/pc/Downloads/modelia.h5 --compression none --verbosity 1 --workspace C:/Users/pc/AppData/Local/Temp/mxAI_workspace14791879024360017421053634073634369 --output C:/Users/pc/.stm32cubemx/network_output",
        "environment": [
          "STATS_TYPE=X-CUBE-AI"
        ],
        "input_model": {
          "model_files": [
            {
              "name": "modelia.h5",
              "signature": "0x98adb2d7b705c34ca52c1a41b8b1434b"
            }
          ],
          "n_params": 3301,
          "name": "modelia",
          "size": 13204,
          "type": "keras"
        },
        "name": "ST.EdgeAI.Core",
        "version": "2.0.0-20049"
      }
    ]
  },
  "graphs": [
    {
      "edges": [
        {
          "buffer": 86,
          "edge_kind": "EDGE_MEMORY",
          "end": {
            "node_id": 10,
            "port": 0
          },
          "id": 0,
          "name": "n9-p0_n10-p0",
          "start": {
            "node_id": 9,
            "port": 0
          }
        },
        {
          "buffer": 88,
          "edge_kind": "EDGE_MEMORY",
          "end": {
            "node_id": 11,
            "port": 0
          },
          "id": 1,
          "name": "n10-p0_n11-p0",
          "start": {
            "node_id": 10,
            "port": 0
          }
        },
        {
          "buffer": 90,
          "edge_kind": "EDGE_MEMORY",
          "end": {
            "node_id": 12,
            "port": 0
          },
          "id": 2,
          "name": "n11-p0_n12-p0",
          "start": {
            "node_id": 11,
            "port": 0
          }
        },
        {
          "buffer": 92,
          "edge_kind": "EDGE_MEMORY",
          "end": {
            "node_id": 13,
            "port": 0
          },
          "id": 3,
          "name": "n12-p0_n13-p0",
          "start": {
            "node_id": 12,
            "port": 0
          }
        },
        {
          "buffer": 94,
          "edge_kind": "EDGE_MEMORY",
          "end": {
            "node_id": 14,
            "port": 0
          },
          "id": 4,
          "name": "n13-p0_n14-p0",
          "start": {
            "node_id": 13,
            "port": 0
          }
        },
        {
          "buffer": 96,
          "edge_kind": "EDGE_MEMORY",
          "end": {
            "node_id": 15,
            "port": 0
          },
          "id": 5,
          "name": "n14-p0_n15-p0",
          "start": {
            "node_id": 14,
            "port": 0
          }
        },
        {
          "buffer": 98,
          "edge_kind": "EDGE_MEMORY",
          "end": {
            "node_id": 16,
            "port": 0
          },
          "id": 6,
          "name": "n15-p0_n16-p0",
          "start": {
            "node_id": 15,
            "port": 0
          }
        }
      ],
      "id": 0,
      "inputs": [
        84
      ],
      "name": "modelia",
      "nodes": [
        {
          "attributes": {
            "num_units": "64",
            "use_bias": "True"
          },
          "description": "Dense",
          "id": 9,
          "inputs": [
            84,
            102,
            105
          ],
          "macc": 384,
          "mapping": "NODE_SW",
          "name": "dense_3_dense",
          "original_nodes": [
            "0"
          ],
          "outputs": [
            86
          ],
          "scratchs": [],
          "subgraph_nodes": [],
          "sw_functions": [
            "forward_dense"
          ]
        },
        {
          "attributes": {
            "nonlinearity": "relu"
          },
          "description": "Nonlinearity",
          "id": 10,
          "inputs": [
            86
          ],
          "macc": 64,
          "mapping": "NODE_SW",
          "name": "dense_3",
          "original_nodes": [
            "0"
          ],
          "outputs": [
            88
          ],
          "scratchs": [],
          "subgraph_nodes": [],
          "sw_functions": [
            "forward_relu"
          ]
        },
        {
          "attributes": {
            "num_units": "32",
            "use_bias": "True"
          },
          "description": "Dense",
          "id": 11,
          "inputs": [
            88,
            108,
            111
          ],
          "macc": 2080,
          "mapping": "NODE_SW",
          "name": "dense_4_dense",
          "original_nodes": [
            "3"
          ],
          "outputs": [
            90
          ],
          "scratchs": [],
          "subgraph_nodes": [],
          "sw_functions": [
            "forward_dense"
          ]
        },
        {
          "attributes": {
            "nonlinearity": "relu"
          },
          "description": "Nonlinearity",
          "id": 12,
          "inputs": [
            90
          ],
          "macc": 32,
          "mapping": "NODE_SW",
          "name": "dense_4",
          "original_nodes": [
            "3"
          ],
          "outputs": [
            92
          ],
          "scratchs": [],
          "subgraph_nodes": [],
          "sw_functions": [
            "forward_relu"
          ]
        },
        {
          "attributes": {
            "num_units": "16",
            "use_bias": "True"
          },
          "description": "Dense",
          "id": 13,
          "inputs": [
            92,
            114,
            117
          ],
          "macc": 528,
          "mapping": "NODE_SW",
          "name": "dense_5_dense",
          "original_nodes": [
            "5"
          ],
          "outputs": [
            94
          ],
          "scratchs": [],
          "subgraph_nodes": [],
          "sw_functions": [
            "forward_dense"
          ]
        },
        {
          "attributes": {
            "nonlinearity": "relu"
          },
          "description": "Nonlinearity",
          "id": 14,
          "inputs": [
            94
          ],
          "macc": 16,
          "mapping": "NODE_SW",
          "name": "dense_5",
          "original_nodes": [
            "5"
          ],
          "outputs": [
            96
          ],
          "scratchs": [],
          "subgraph_nodes": [],
          "sw_functions": [
            "forward_relu"
          ]
        },
        {
          "attributes": {
            "num_units": "5",
            "use_bias": "True"
          },
          "description": "Dense",
          "id": 15,
          "inputs": [
            96,
            120,
            123
          ],
          "macc": 85,
          "mapping": "NODE_SW",
          "name": "dense_6_dense",
          "original_nodes": [
            "8"
          ],
          "outputs": [
            98
          ],
          "scratchs": [],
          "subgraph_nodes": [],
          "sw_functions": [
            "forward_dense"
          ]
        },
        {
          "attributes": {
            "axis": "CH",
            "nonlinearity": "softmax",
            "orig_axis": "-1"
          },
          "description": "Nonlinearity",
          "id": 16,
          "inputs": [
            98
          ],
          "macc": 75,
          "mapping": "NODE_SW",
          "name": "dense_6",
          "original_nodes": [
            "8"
          ],
          "outputs": [
            100
          ],
          "scratchs": [],
          "subgraph_nodes": [],
          "sw_functions": [
            "forward_sm"
          ]
        }
      ],
      "original_inputs": [
        {
          "input_0": {
            "data_type": "float32",
            "shape": "(BATCH: None, CH: 5)"
          }
        }
      ],
      "original_outputs": [
        {
          "dense_6": {
            "data_type": "float32",
            "shape": "(BATCH: None, CH: 5)"
          }
        }
      ],
      "outputs": [
        100
      ]
    }
  ],
  "json_schema_version": "2.0",
  "memory_footprint": {
    "activations": 384,
    "io": [
      0,
      0
    ],
    "kernel_flash": 10712,
    "kernel_ram": 2484,
    "series": "stm32l4",
    "toolchain": "arm-none-eabi-gcc (GNU Tools for STM32 12.3.rel1.20240926-1715) 12.3.1 20230626",
    "toolchain_flash": 638,
    "toolchain_ram": 0,
    "weights": 12308
  },
  "memory_pools": [
    {
      "address": "NULL",
      "alignment": 4,
      "attributes": {
        "latency": "HIGH",
        "score": 768,
        "throughput": "LOW"
      },
      "buffers": [
        84,
        86,
        88,
        90,
        92,
        94,
        96,
        98,
        100
      ],
      "id": 0,
      "name": "heap_overlay_pool",
      "offset_start": 0,
      "persistent": false,
      "rights": "ACC_WRITE",
      "size_bytes": -1,
      "subpools": [],
      "used_size_bytes": 384,
      "user_allocated": false,
      "virtual": false
    },
    {
      "address": "s_network_weights_array_u64",
      "alignment": 0,
      "attributes": {
        "latency": "UNDEF",
        "score": 0,
        "throughput": "UNDEF"
      },
      "buffers": [
        102,
        105,
        108,
        111,
        114,
        117,
        120,
        123
      ],
      "id": 1,
      "name": "weights_array",
      "offset_start": 0,
      "persistent": true,
      "rights": "ACC_READ",
      "size_bytes": -1,
      "subpools": [],
      "used_size_bytes": 12308,
      "user_allocated": false,
      "virtual": false
    }
  ]
}