{
    "activations": {
        "heap_overlay_pool": {
            "activation_alignment": 4,
            "buffer_data_size": 0,
            "buffer_offsets": [
                {
                    "buffer_name": "input_0_output_array",
                    "offset": 108,
                    "size": 20
                },
                {
                    "buffer_name": "dense_3_dense_output_array",
                    "offset": 128,
                    "size": 256
                },
                {
                    "buffer_name": "dense_3_output_array",
                    "offset": 128,
                    "size": 256
                },
                {
                    "buffer_name": "dense_4_dense_output_array",
                    "offset": 0,
                    "size": 128
                },
                {
                    "buffer_name": "dense_4_output_array",
                    "offset": 128,
                    "size": 128
                },
                {
                    "buffer_name": "dense_5_dense_output_array",
                    "offset": 0,
                    "size": 20
                },
                {
                    "buffer_name": "dense_5_output_array",
                    "offset": 20,
                    "size": 20
                }
            ],
            "data_alignment": 4,
            "pool_id": 0,
            "pool_size": -1,
            "used_size": 384
        }
    },
    "activations_alignment": 4,
    "arguments": "generate --target stm32l4 --name network_1 -m C:/Users/pc/Downloads/model.h5 --compression none --verbosity 1 --workspace C:/Users/pc/AppData/Local/Temp/mxAI_workspace6094516988862003185737798431772411 --output C:/Users/pc/.stm32cubemx/network_output",
    "c_activations_count": 1,
    "c_arrays": [
        {
            "c_bits": 32,
            "c_id": 0,
            "c_mem_pool": "weights",
            "c_size_in_byte": 256,
            "c_type": "const float",
            "format": "float",
            "is_const": true,
            "mem_pool": "weights",
            "n_items": 64,
            "name": "dense_3_dense_bias_array",
            "offset": 1280,
            "scale": [],
            "size": 64,
            "tensors": [
                {
                    "name": "dense_3_dense_bias",
                    "shape": [
                        64
                    ]
                }
            ],
            "zeropoint": [],
            "zeros": 0
        },
        {
            "c_bits": 32,
            "c_id": 1,
            "c_mem_pool": "**default**",
            "c_size_in_byte": 256,
            "c_type": "float",
            "format": "float",
            "is_const": false,
            "mem_pool": "activations",
            "n_items": 64,
            "name": "dense_3_dense_output_array",
            "offset": 128,
            "scale": [],
            "size": 64,
            "tensors": [
                {
                    "name": "dense_3_dense_output",
                    "shape": [
                        64
                    ]
                }
            ],
            "zeropoint": []
        },
        {
            "c_bits": 32,
            "c_id": 2,
            "c_mem_pool": "weights",
            "c_size_in_byte": 1280,
            "c_type": "const float",
            "format": "float",
            "is_const": true,
            "mem_pool": "weights",
            "n_items": 320,
            "name": "dense_3_dense_weights_array",
            "offset": 0,
            "scale": [],
            "size": 320,
            "tensors": [
                {
                    "name": "dense_3_dense_weights",
                    "shape": [
                        64,
                        5
                    ]
                }
            ],
            "zeropoint": [],
            "zeros": 0
        },
        {
            "c_bits": 32,
            "c_id": 3,
            "c_mem_pool": "**default**",
            "c_size_in_byte": 256,
            "c_type": "float",
            "format": "float",
            "is_const": false,
            "mem_pool": "activations",
            "n_items": 64,
            "name": "dense_3_output_array",
            "offset": 128,
            "scale": [],
            "size": 64,
            "tensors": [
                {
                    "name": "dense_3_output",
                    "shape": [
                        64
                    ]
                }
            ],
            "zeropoint": []
        },
        {
            "c_bits": 32,
            "c_id": 4,
            "c_mem_pool": "weights",
            "c_size_in_byte": 128,
            "c_type": "const float",
            "format": "float",
            "is_const": true,
            "mem_pool": "weights",
            "n_items": 32,
            "name": "dense_4_dense_bias_array",
            "offset": 9728,
            "scale": [],
            "size": 32,
            "tensors": [
                {
                    "name": "dense_4_dense_bias",
                    "shape": [
                        32
                    ]
                }
            ],
            "zeropoint": [],
            "zeros": 0
        },
        {
            "c_bits": 32,
            "c_id": 5,
            "c_mem_pool": "**default**",
            "c_size_in_byte": 128,
            "c_type": "float",
            "format": "float",
            "is_const": false,
            "mem_pool": "activations",
            "n_items": 32,
            "name": "dense_4_dense_output_array",
            "offset": 0,
            "scale": [],
            "size": 32,
            "tensors": [
                {
                    "name": "dense_4_dense_output",
                    "shape": [
                        32
                    ]
                }
            ],
            "zeropoint": []
        },
        {
            "c_bits": 32,
            "c_id": 6,
            "c_mem_pool": "weights",
            "c_size_in_byte": 8192,
            "c_type": "const float",
            "format": "float",
            "is_const": true,
            "mem_pool": "weights",
            "n_items": 2048,
            "name": "dense_4_dense_weights_array",
            "offset": 1536,
            "scale": [],
            "size": 2048,
            "tensors": [
                {
                    "name": "dense_4_dense_weights",
                    "shape": [
                        32,
                        64
                    ]
                }
            ],
            "zeropoint": [],
            "zeros": 0
        },
        {
            "c_bits": 32,
            "c_id": 7,
            "c_mem_pool": "**default**",
            "c_size_in_byte": 128,
            "c_type": "float",
            "format": "float",
            "is_const": false,
            "mem_pool": "activations",
            "n_items": 32,
            "name": "dense_4_output_array",
            "offset": 128,
            "scale": [],
            "size": 32,
            "tensors": [
                {
                    "name": "dense_4_output",
                    "shape": [
                        32
                    ]
                }
            ],
            "zeropoint": []
        },
        {
            "c_bits": 32,
            "c_id": 8,
            "c_mem_pool": "weights",
            "c_size_in_byte": 20,
            "c_type": "const float",
            "format": "float",
            "is_const": true,
            "mem_pool": "weights",
            "n_items": 5,
            "name": "dense_5_dense_bias_array",
            "offset": 10496,
            "scale": [],
            "size": 5,
            "tensors": [
                {
                    "name": "dense_5_dense_bias",
                    "shape": [
                        5
                    ]
                }
            ],
            "zeropoint": [],
            "zeros": 0
        },
        {
            "c_bits": 32,
            "c_id": 9,
            "c_mem_pool": "**default**",
            "c_size_in_byte": 20,
            "c_type": "float",
            "format": "float",
            "is_const": false,
            "mem_pool": "activations",
            "n_items": 5,
            "name": "dense_5_dense_output_array",
            "offset": 0,
            "scale": [],
            "size": 5,
            "tensors": [
                {
                    "name": "dense_5_dense_output",
                    "shape": [
                        5
                    ]
                }
            ],
            "zeropoint": []
        },
        {
            "c_bits": 32,
            "c_id": 10,
            "c_mem_pool": "weights",
            "c_size_in_byte": 640,
            "c_type": "const float",
            "format": "float",
            "is_const": true,
            "mem_pool": "weights",
            "n_items": 160,
            "name": "dense_5_dense_weights_array",
            "offset": 9856,
            "scale": [],
            "size": 160,
            "tensors": [
                {
                    "name": "dense_5_dense_weights",
                    "shape": [
                        5,
                        32
                    ]
                }
            ],
            "zeropoint": [],
            "zeros": 0
        },
        {
            "c_bits": 32,
            "c_id": 11,
            "c_mem_pool": "**default**",
            "c_size_in_byte": 20,
            "c_type": "float",
            "format": "float",
            "io_type": "output",
            "is_const": false,
            "mem_pool": "activations",
            "n_items": 5,
            "name": "dense_5_output_array",
            "offset": 20,
            "scale": [],
            "size": 5,
            "tensors": [
                {
                    "name": "dense_5_output",
                    "shape": [
                        5
                    ]
                }
            ],
            "zeropoint": []
        },
        {
            "c_bits": 32,
            "c_id": 12,
            "c_mem_pool": "**default**",
            "c_size_in_byte": 20,
            "c_type": "float",
            "format": "float",
            "io_type": "input",
            "is_const": false,
            "mem_pool": "activations",
            "n_items": 5,
            "name": "input_0_output_array",
            "offset": 108,
            "scale": [],
            "size": 5,
            "tensors": [
                {
                    "name": "input_0_output",
                    "shape": [
                        5
                    ]
                }
            ],
            "zeropoint": []
        }
    ],
    "c_arrays_n": 13,
    "c_layers": [
        {
            "c_forward": [
                "forward_dense"
            ],
            "c_id": 0,
            "is_wrapped": "",
            "layer_type": "Dense",
            "m_id": 0,
            "macc": 384,
            "name": "dense_3_dense",
            "op_by_type": {
                "smul_f32_f32": 384
            },
            "rom": 1536,
            "tensors": {
                "inputs": [
                    "input_0_output"
                ],
                "outputs": [
                    "dense_3_dense_output"
                ],
                "scratchs": [],
                "weights": [
                    "dense_3_dense_weights",
                    "dense_3_dense_bias"
                ]
            },
            "weight_sparsity": [
                0.0,
                384,
                0
            ]
        },
        {
            "c_forward": [
                "forward_relu"
            ],
            "c_id": 1,
            "is_wrapped": "",
            "layer_type": "Nonlinearity",
            "m_id": 0,
            "macc": 64,
            "name": "dense_3",
            "op_by_type": {
                "op_f32_f32": 64
            },
            "rom": 0,
            "tensors": {
                "inputs": [
                    "dense_3_dense_output"
                ],
                "outputs": [
                    "dense_3_output"
                ],
                "scratchs": [],
                "weights": []
            },
            "weight_sparsity": [
                0.0,
                1,
                0
            ]
        },
        {
            "c_forward": [
                "forward_dense"
            ],
            "c_id": 2,
            "is_wrapped": "",
            "layer_type": "Dense",
            "m_id": 2,
            "macc": 2080,
            "name": "dense_4_dense",
            "op_by_type": {
                "smul_f32_f32": 2080
            },
            "rom": 8320,
            "tensors": {
                "inputs": [
                    "dense_3_output"
                ],
                "outputs": [
                    "dense_4_dense_output"
                ],
                "scratchs": [],
                "weights": [
                    "dense_4_dense_weights",
                    "dense_4_dense_bias"
                ]
            },
            "weight_sparsity": [
                0.0,
                2080,
                0
            ]
        },
        {
            "c_forward": [
                "forward_relu"
            ],
            "c_id": 3,
            "is_wrapped": "",
            "layer_type": "Nonlinearity",
            "m_id": 2,
            "macc": 32,
            "name": "dense_4",
            "op_by_type": {
                "op_f32_f32": 32
            },
            "rom": 0,
            "tensors": {
                "inputs": [
                    "dense_4_dense_output"
                ],
                "outputs": [
                    "dense_4_output"
                ],
                "scratchs": [],
                "weights": []
            },
            "weight_sparsity": [
                0.0,
                1,
                0
            ]
        },
        {
            "c_forward": [
                "forward_dense"
            ],
            "c_id": 4,
            "is_wrapped": "",
            "layer_type": "Dense",
            "m_id": 4,
            "macc": 165,
            "name": "dense_5_dense",
            "op_by_type": {
                "smul_f32_f32": 165
            },
            "rom": 660,
            "tensors": {
                "inputs": [
                    "dense_4_output"
                ],
                "outputs": [
                    "dense_5_dense_output"
                ],
                "scratchs": [],
                "weights": [
                    "dense_5_dense_weights",
                    "dense_5_dense_bias"
                ]
            },
            "weight_sparsity": [
                0.0,
                165,
                0
            ]
        },
        {
            "c_forward": [
                "forward_sigmoid"
            ],
            "c_id": 5,
            "is_wrapped": "",
            "layer_type": "Nonlinearity",
            "m_id": 4,
            "macc": 50,
            "name": "dense_5",
            "op_by_type": {
                "op_f32_f32": 50
            },
            "rom": 0,
            "tensors": {
                "inputs": [
                    "dense_5_dense_output"
                ],
                "outputs": [
                    "dense_5_output"
                ],
                "scratchs": [],
                "weights": []
            },
            "weight_sparsity": [
                0.0,
                1,
                0
            ]
        }
    ],
    "c_name": "network_1",
    "c_nodes_n": 6,
    "c_weights_count": 1,
    "c_weights_header": 0,
    "compilation_options": {
        "compression": "none",
        "optimization": "balanced",
        "options": [
            "allocate-inputs",
            "allocate-outputs"
        ]
    },
    "data_alignment": 4,
    "date_time": "2025-03-21T11:40:28+0100",
    "inputs": [
        "input_0_output"
    ],
    "macc": 2775,
    "memory_footprint": {
        "activations": 384,
        "io": [
            0,
            0
        ],
        "kernel_flash": 9816,
        "kernel_ram": 1984,
        "series": "stm32l4",
        "target": "stm32l4",
        "toolchain": "arm-none-eabi-gcc (GNU Tools for STM32 12.3.rel1.20240926-1715) 12.3.1 20230626",
        "toolchain_flash": 638,
        "toolchain_ram": 0,
        "weights": 10516
    },
    "memory_pools": [],
    "model_fmt": "float",
    "model_name": "model",
    "model_signature": "0xd52f425d0c6e5c1e250e2f5c4943a1c7",
    "outputs": [
        "dense_5_output"
    ],
    "st_ai_version": "2.0.0-20049",
    "tool_version": "2.0.0-20049",
    "type": "keras",
    "version": "1.2",
    "weights": {
        "weights_array": {
            "buffer_data_size": 10516,
            "buffer_offsets": [
                {
                    "buffer_name": "dense_3_dense_weights_array",
                    "offset": 0,
                    "size": 1280
                },
                {
                    "buffer_name": "dense_3_dense_bias_array",
                    "offset": 1280,
                    "size": 256
                },
                {
                    "buffer_name": "dense_4_dense_weights_array",
                    "offset": 1536,
                    "size": 8192
                },
                {
                    "buffer_name": "dense_4_dense_bias_array",
                    "offset": 9728,
                    "size": 128
                },
                {
                    "buffer_name": "dense_5_dense_weights_array",
                    "offset": 9856,
                    "size": 640
                },
                {
                    "buffer_name": "dense_5_dense_bias_array",
                    "offset": 10496,
                    "size": 20
                }
            ],
            "pool_size": -1,
            "used_size": 10516
        }
    }
}