{
    "activations": {
        "heap_overlay_pool": {
            "activation_alignment": 4,
            "buffer_data_size": 0,
            "buffer_offsets": [
                {
                    "buffer_name": "input_0_output_array",
                    "offset": 236,
                    "size": 20
                },
                {
                    "buffer_name": "dense_6_dense_output_array",
                    "offset": 256,
                    "size": 512
                },
                {
                    "buffer_name": "dense_6_output_array",
                    "offset": 256,
                    "size": 512
                },
                {
                    "buffer_name": "dense_7_dense_output_array",
                    "offset": 0,
                    "size": 256
                },
                {
                    "buffer_name": "dense_7_output_array",
                    "offset": 256,
                    "size": 256
                },
                {
                    "buffer_name": "dense_8_dense_output_array",
                    "offset": 0,
                    "size": 20
                },
                {
                    "buffer_name": "dense_8_output_array",
                    "offset": 20,
                    "size": 20
                }
            ],
            "data_alignment": 4,
            "pool_id": 0,
            "pool_size": -1,
            "used_size": 768
        }
    },
    "activations_alignment": 4,
    "arguments": "generate --target stm32l4 --name network -m C:/Users/pc/Downloads/model (2).h5 --compression none --verbosity 1 --workspace C:/Users/pc/AppData/Local/Temp/mxAI_workspace64018264512740014053381294614527718 --output C:/Users/pc/.stm32cubemx/network_output",
    "c_activations_count": 1,
    "c_arrays": [
        {
            "c_bits": 32,
            "c_id": 0,
            "c_mem_pool": "weights",
            "c_size_in_byte": 512,
            "c_type": "const float",
            "format": "float",
            "is_const": true,
            "mem_pool": "weights",
            "n_items": 128,
            "name": "dense_6_dense_bias_array",
            "offset": 2560,
            "scale": [],
            "size": 128,
            "tensors": [
                {
                    "name": "dense_6_dense_bias",
                    "shape": [
                        128
                    ]
                }
            ],
            "zeropoint": [],
            "zeros": 0
        },
        {
            "c_bits": 32,
            "c_id": 1,
            "c_mem_pool": "**default**",
            "c_size_in_byte": 512,
            "c_type": "float",
            "format": "float",
            "is_const": false,
            "mem_pool": "activations",
            "n_items": 128,
            "name": "dense_6_dense_output_array",
            "offset": 256,
            "scale": [],
            "size": 128,
            "tensors": [
                {
                    "name": "dense_6_dense_output",
                    "shape": [
                        128
                    ]
                }
            ],
            "zeropoint": []
        },
        {
            "c_bits": 32,
            "c_id": 2,
            "c_mem_pool": "weights",
            "c_size_in_byte": 2560,
            "c_type": "const float",
            "format": "float",
            "is_const": true,
            "mem_pool": "weights",
            "n_items": 640,
            "name": "dense_6_dense_weights_array",
            "offset": 0,
            "scale": [],
            "size": 640,
            "tensors": [
                {
                    "name": "dense_6_dense_weights",
                    "shape": [
                        128,
                        5
                    ]
                }
            ],
            "zeropoint": [],
            "zeros": 0
        },
        {
            "c_bits": 32,
            "c_id": 3,
            "c_mem_pool": "**default**",
            "c_size_in_byte": 512,
            "c_type": "float",
            "format": "float",
            "is_const": false,
            "mem_pool": "activations",
            "n_items": 128,
            "name": "dense_6_output_array",
            "offset": 256,
            "scale": [],
            "size": 128,
            "tensors": [
                {
                    "name": "dense_6_output",
                    "shape": [
                        128
                    ]
                }
            ],
            "zeropoint": []
        },
        {
            "c_bits": 32,
            "c_id": 4,
            "c_mem_pool": "weights",
            "c_size_in_byte": 256,
            "c_type": "const float",
            "format": "float",
            "is_const": true,
            "mem_pool": "weights",
            "n_items": 64,
            "name": "dense_7_dense_bias_array",
            "offset": 35840,
            "scale": [],
            "size": 64,
            "tensors": [
                {
                    "name": "dense_7_dense_bias",
                    "shape": [
                        64
                    ]
                }
            ],
            "zeropoint": [],
            "zeros": 0
        },
        {
            "c_bits": 32,
            "c_id": 5,
            "c_mem_pool": "**default**",
            "c_size_in_byte": 256,
            "c_type": "float",
            "format": "float",
            "is_const": false,
            "mem_pool": "activations",
            "n_items": 64,
            "name": "dense_7_dense_output_array",
            "offset": 0,
            "scale": [],
            "size": 64,
            "tensors": [
                {
                    "name": "dense_7_dense_output",
                    "shape": [
                        64
                    ]
                }
            ],
            "zeropoint": []
        },
        {
            "c_bits": 32,
            "c_id": 6,
            "c_mem_pool": "weights",
            "c_size_in_byte": 32768,
            "c_type": "const float",
            "format": "float",
            "is_const": true,
            "mem_pool": "weights",
            "n_items": 8192,
            "name": "dense_7_dense_weights_array",
            "offset": 3072,
            "scale": [],
            "size": 8192,
            "tensors": [
                {
                    "name": "dense_7_dense_weights",
                    "shape": [
                        64,
                        128
                    ]
                }
            ],
            "zeropoint": [],
            "zeros": 0
        },
        {
            "c_bits": 32,
            "c_id": 7,
            "c_mem_pool": "**default**",
            "c_size_in_byte": 256,
            "c_type": "float",
            "format": "float",
            "is_const": false,
            "mem_pool": "activations",
            "n_items": 64,
            "name": "dense_7_output_array",
            "offset": 256,
            "scale": [],
            "size": 64,
            "tensors": [
                {
                    "name": "dense_7_output",
                    "shape": [
                        64
                    ]
                }
            ],
            "zeropoint": []
        },
        {
            "c_bits": 32,
            "c_id": 8,
            "c_mem_pool": "weights",
            "c_size_in_byte": 20,
            "c_type": "const float",
            "format": "float",
            "is_const": true,
            "mem_pool": "weights",
            "n_items": 5,
            "name": "dense_8_dense_bias_array",
            "offset": 37376,
            "scale": [],
            "size": 5,
            "tensors": [
                {
                    "name": "dense_8_dense_bias",
                    "shape": [
                        5
                    ]
                }
            ],
            "zeropoint": [],
            "zeros": 0
        },
        {
            "c_bits": 32,
            "c_id": 9,
            "c_mem_pool": "**default**",
            "c_size_in_byte": 20,
            "c_type": "float",
            "format": "float",
            "is_const": false,
            "mem_pool": "activations",
            "n_items": 5,
            "name": "dense_8_dense_output_array",
            "offset": 0,
            "scale": [],
            "size": 5,
            "tensors": [
                {
                    "name": "dense_8_dense_output",
                    "shape": [
                        5
                    ]
                }
            ],
            "zeropoint": []
        },
        {
            "c_bits": 32,
            "c_id": 10,
            "c_mem_pool": "weights",
            "c_size_in_byte": 1280,
            "c_type": "const float",
            "format": "float",
            "is_const": true,
            "mem_pool": "weights",
            "n_items": 320,
            "name": "dense_8_dense_weights_array",
            "offset": 36096,
            "scale": [],
            "size": 320,
            "tensors": [
                {
                    "name": "dense_8_dense_weights",
                    "shape": [
                        5,
                        64
                    ]
                }
            ],
            "zeropoint": [],
            "zeros": 0
        },
        {
            "c_bits": 32,
            "c_id": 11,
            "c_mem_pool": "**default**",
            "c_size_in_byte": 20,
            "c_type": "float",
            "format": "float",
            "io_type": "output",
            "is_const": false,
            "mem_pool": "activations",
            "n_items": 5,
            "name": "dense_8_output_array",
            "offset": 20,
            "scale": [],
            "size": 5,
            "tensors": [
                {
                    "name": "dense_8_output",
                    "shape": [
                        5
                    ]
                }
            ],
            "zeropoint": []
        },
        {
            "c_bits": 32,
            "c_id": 12,
            "c_mem_pool": "**default**",
            "c_size_in_byte": 20,
            "c_type": "float",
            "format": "float",
            "io_type": "input",
            "is_const": false,
            "mem_pool": "activations",
            "n_items": 5,
            "name": "input_0_output_array",
            "offset": 236,
            "scale": [],
            "size": 5,
            "tensors": [
                {
                    "name": "input_0_output",
                    "shape": [
                        5
                    ]
                }
            ],
            "zeropoint": []
        }
    ],
    "c_arrays_n": 13,
    "c_layers": [
        {
            "c_forward": [
                "forward_dense"
            ],
            "c_id": 0,
            "is_wrapped": "",
            "layer_type": "Dense",
            "m_id": 0,
            "macc": 768,
            "name": "dense_6_dense",
            "op_by_type": {
                "smul_f32_f32": 768
            },
            "rom": 3072,
            "tensors": {
                "inputs": [
                    "input_0_output"
                ],
                "outputs": [
                    "dense_6_dense_output"
                ],
                "scratchs": [],
                "weights": [
                    "dense_6_dense_weights",
                    "dense_6_dense_bias"
                ]
            },
            "weight_sparsity": [
                0.0,
                768,
                0
            ]
        },
        {
            "c_forward": [
                "forward_relu"
            ],
            "c_id": 1,
            "is_wrapped": "",
            "layer_type": "Nonlinearity",
            "m_id": 0,
            "macc": 128,
            "name": "dense_6",
            "op_by_type": {
                "op_f32_f32": 128
            },
            "rom": 0,
            "tensors": {
                "inputs": [
                    "dense_6_dense_output"
                ],
                "outputs": [
                    "dense_6_output"
                ],
                "scratchs": [],
                "weights": []
            },
            "weight_sparsity": [
                0.0,
                1,
                0
            ]
        },
        {
            "c_forward": [
                "forward_dense"
            ],
            "c_id": 2,
            "is_wrapped": "",
            "layer_type": "Dense",
            "m_id": 2,
            "macc": 8256,
            "name": "dense_7_dense",
            "op_by_type": {
                "smul_f32_f32": 8256
            },
            "rom": 33024,
            "tensors": {
                "inputs": [
                    "dense_6_output"
                ],
                "outputs": [
                    "dense_7_dense_output"
                ],
                "scratchs": [],
                "weights": [
                    "dense_7_dense_weights",
                    "dense_7_dense_bias"
                ]
            },
            "weight_sparsity": [
                0.0,
                8256,
                0
            ]
        },
        {
            "c_forward": [
                "forward_relu"
            ],
            "c_id": 3,
            "is_wrapped": "",
            "layer_type": "Nonlinearity",
            "m_id": 2,
            "macc": 64,
            "name": "dense_7",
            "op_by_type": {
                "op_f32_f32": 64
            },
            "rom": 0,
            "tensors": {
                "inputs": [
                    "dense_7_dense_output"
                ],
                "outputs": [
                    "dense_7_output"
                ],
                "scratchs": [],
                "weights": []
            },
            "weight_sparsity": [
                0.0,
                1,
                0
            ]
        },
        {
            "c_forward": [
                "forward_dense"
            ],
            "c_id": 4,
            "is_wrapped": "",
            "layer_type": "Dense",
            "m_id": 4,
            "macc": 325,
            "name": "dense_8_dense",
            "op_by_type": {
                "smul_f32_f32": 325
            },
            "rom": 1300,
            "tensors": {
                "inputs": [
                    "dense_7_output"
                ],
                "outputs": [
                    "dense_8_dense_output"
                ],
                "scratchs": [],
                "weights": [
                    "dense_8_dense_weights",
                    "dense_8_dense_bias"
                ]
            },
            "weight_sparsity": [
                0.0,
                325,
                0
            ]
        },
        {
            "c_forward": [
                "forward_sigmoid"
            ],
            "c_id": 5,
            "is_wrapped": "",
            "layer_type": "Nonlinearity",
            "m_id": 4,
            "macc": 50,
            "name": "dense_8",
            "op_by_type": {
                "op_f32_f32": 50
            },
            "rom": 0,
            "tensors": {
                "inputs": [
                    "dense_8_dense_output"
                ],
                "outputs": [
                    "dense_8_output"
                ],
                "scratchs": [],
                "weights": []
            },
            "weight_sparsity": [
                0.0,
                1,
                0
            ]
        }
    ],
    "c_name": "network",
    "c_nodes_n": 6,
    "c_weights_count": 1,
    "c_weights_header": 0,
    "compilation_options": {
        "compression": "none",
        "optimization": "balanced",
        "options": [
            "allocate-inputs",
            "allocate-outputs"
        ]
    },
    "data_alignment": 4,
    "date_time": "2025-03-21T20:12:36+0100",
    "inputs": [
        "input_0_output"
    ],
    "macc": 9591,
    "memory_footprint": {
        "activations": 768,
        "io": [
            0,
            0
        ],
        "kernel_flash": 9816,
        "kernel_ram": 1984,
        "series": "stm32l4",
        "target": "stm32l4",
        "toolchain": "arm-none-eabi-gcc (GNU Tools for STM32 12.3.rel1.20240926-1715) 12.3.1 20230626",
        "toolchain_flash": 638,
        "toolchain_ram": 0,
        "weights": 37396
    },
    "memory_pools": [],
    "model_fmt": "float",
    "model_name": "model_2",
    "model_signature": "0x66d6c1f04790264da293e09a47276cb0",
    "outputs": [
        "dense_8_output"
    ],
    "st_ai_version": "2.0.0-20049",
    "tool_version": "2.0.0-20049",
    "type": "keras",
    "version": "1.2",
    "weights": {
        "weights_array": {
            "buffer_data_size": 37396,
            "buffer_offsets": [
                {
                    "buffer_name": "dense_6_dense_weights_array",
                    "offset": 0,
                    "size": 2560
                },
                {
                    "buffer_name": "dense_6_dense_bias_array",
                    "offset": 2560,
                    "size": 512
                },
                {
                    "buffer_name": "dense_7_dense_weights_array",
                    "offset": 3072,
                    "size": 32768
                },
                {
                    "buffer_name": "dense_7_dense_bias_array",
                    "offset": 35840,
                    "size": 256
                },
                {
                    "buffer_name": "dense_8_dense_weights_array",
                    "offset": 36096,
                    "size": 1280
                },
                {
                    "buffer_name": "dense_8_dense_bias_array",
                    "offset": 37376,
                    "size": 20
                }
            ],
            "pool_size": -1,
            "used_size": 37396
        }
    }
}